{
  "redirects": [
    {
      "source": "/:path*",
      "has": [
        {
          "type": "host",
          "value": "ifixxnc.com"
        }
      ],
      "destination": "https://www.ifixxnc.com/:path*",
      "permanent": true
    },
    {
      "source": "/kitchen-remodeling-charlotte",
      "destination": "/charlotte/kitchen-remodeling/",
      "permanent": true
    },
    {
      "source": "/bathroom-renovation-charlotte",
      "destination": "/charlotte/bathroom-remodeling/",
      "permanent": true
    },
    {
      "source": "/services/plumbing",
      "destination": "/repairs/plumbing/",
      "permanent": true
    },
    {
      "source": "/services/plumbing/",
      "destination": "/repairs/plumbing/",
      "permanent": true
    },
    {
      "source": "/services/electrical",
      "destination": "/repairs/electrical-fixtures/",
      "permanent": true
    },
    {
      "source": "/services/electrical/",
      "destination": "/repairs/electrical-fixtures/",
      "permanent": true
    },
    {
      "source": "/services/electrical-fixtures",
      "destination": "/repairs/electrical-fixtures/",
      "permanent": true
    },
    {
      "source": "/services/electrical-fixtures/",
      "destination": "/repairs/electrical-fixtures/",
      "permanent": true
    },
    {
      "source": "/services/carpentry",
      "destination": "/repairs/carpentry/",
      "permanent": true
    },
    {
      "source": "/services/carpentry/",
      "destination": "/repairs/carpentry/",
      "permanent": true
    },
    {
      "source": "/services/painting",
      "destination": "/repairs/painting/",
      "permanent": true
    },
    {
      "source": "/services/painting/",
      "destination": "/repairs/painting/",
      "permanent": true
    },
    {
      "source": "/services/doors-windows",
      "destination": "/repairs/doors-windows/",
      "permanent": true
    },
    {
      "source": "/services/doors-windows/",
      "destination": "/repairs/doors-windows/",
      "permanent": true
    },
    {
      "source": "/services/quick-fix",
      "destination": "/repairs/quick-fix/",
      "permanent": true
    },
    {
      "source": "/services/quick-fix/",
      "destination": "/repairs/quick-fix/",
      "permanent": true
    },
    {
      "source": "/services/furniture-assembly",
      "destination": "/repairs/furniture-assembly/",
      "permanent": true
    },
    {
      "source": "/services/furniture-assembly/",
      "destination": "/repairs/furniture-assembly/",
      "permanent": true
    },
    {
      "source": "/services/tv-mounting",
      "destination": "/repairs/tv-mounting/",
      "permanent": true
    },
    {
      "source": "/services/tv-mounting/",
      "destination": "/repairs/tv-mounting/",
      "permanent": true
    },
    {
      "source": "/services/kitchen-remodeling",
      "destination": "/remodeling/kitchen-remodeling/",
      "permanent": true
    },
    {
      "source": "/services/kitchen-remodeling/",
      "destination": "/remodeling/kitchen-remodeling/",
      "permanent": true
    },
    {
      "source": "/services/bathroom-remodeling",
      "destination": "/remodeling/bathroom-remodeling/",
      "permanent": true
    },
    {
      "source": "/services/bathroom-remodeling/",
      "destination": "/remodeling/bathroom-remodeling/",
      "permanent": true
    },
    {
      "source": "/services/basement-finishing",
      "destination": "/remodeling/basement-finishing/",
      "permanent": true
    },
    {
      "source": "/services/basement-finishing/",
      "destination": "/remodeling/basement-finishing/",
      "permanent": true
    },
    {
      "source": "/services/flooring-installation",
      "destination": "/remodeling/flooring-installation/",
      "permanent": true
    },
    {
      "source": "/services/flooring-installation/",
      "destination": "/remodeling/flooring-installation/",
      "permanent": true
    },
    {
      "source": "/services/outdoor-living",
      "destination": "/remodeling/outdoor-living/",
      "permanent": true
    },
    {
      "source": "/services/outdoor-living/",
      "destination": "/remodeling/outdoor-living/",
      "permanent": true
    },
    {
      "source": "/services/drywall",
      "destination": "/repairs/drywall/",
      "permanent": true
    },
    {
      "source": "/services/drywall/",
      "destination": "/repairs/drywall/",
      "permanent": true
    },
    {
      "source": "/services/tv-mounting",
      "destination": "/repairs/tv-mounting/",
      "permanent": true
    },
    {
      "source": "/ballantyne/kitchen-remodeling",
      "destination": "/remodeling/kitchen-remodeling/",
      "permanent": true
    },
    {
      "source": "/ballantyne/kitchen-remodeling/",
      "destination": "/remodeling/kitchen-remodeling/",
      "permanent": true
    },
    {
      "source": "/charlotte/kitchen-remodeling",
      "destination": "/remodeling/kitchen-remodeling/",
      "permanent": true
    },
    {
      "source": "/charlotte/kitchen-remodeling/",
      "destination": "/remodeling/kitchen-remodeling/",
      "permanent": true
    },
    {
      "source": "/concord/kitchen-remodeling",
      "destination": "/remodeling/kitchen-remodeling/",
      "permanent": true
    },
    {
      "source": "/concord/kitchen-remodeling/",
      "destination": "/remodeling/kitchen-remodeling/",
      "permanent": true
    },
    {
      "source": "/matthews/kitchen-remodeling",
      "destination": "/remodeling/kitchen-remodeling/",
      "permanent": true
    },
    {
      "source": "/matthews/kitchen-remodeling/",
      "destination": "/remodeling/kitchen-remodeling/",
      "permanent": true
    },
    {
      "source": "/mint-hill/kitchen-remodeling",
      "destination": "/remodeling/kitchen-remodeling/",
      "permanent": true
    },
    {
      "source": "/mint-hill/kitchen-remodeling/",
      "destination": "/remodeling/kitchen-remodeling/",
      "permanent": true
    },
    {
      "source": "/monroe/kitchen-remodeling",
      "destination": "/remodeling/kitchen-remodeling/",
      "permanent": true
    },
    {
      "source": "/monroe/kitchen-remodeling/",
      "destination": "/remodeling/kitchen-remodeling/",
      "permanent": true
    },
    {
      "source": "/pineville/kitchen-remodeling",
      "destination": "/remodeling/kitchen-remodeling/",
      "permanent": true
    },
    {
      "source": "/pineville/kitchen-remodeling/",
      "destination": "/remodeling/kitchen-remodeling/",
      "permanent": true
    },
    {
      "source": "/rock-hill/kitchen-remodeling",
      "destination": "/remodeling/kitchen-remodeling/",
      "permanent": true
    },
    {
      "source": "/rock-hill/kitchen-remodeling/",
      "destination": "/remodeling/kitchen-remodeling/",
      "permanent": true
    },
    {
      "source": "/waxhaw/kitchen-remodeling",
      "destination": "/remodeling/kitchen-remodeling/",
      "permanent": true
    },
    {
      "source": "/waxhaw/kitchen-remodeling/",
      "destination": "/remodeling/kitchen-remodeling/",
      "permanent": true
    },
    {
      "source": "/ballantyne/bathroom-remodeling",
      "destination": "/remodeling/bathroom-remodeling/",
      "permanent": true
    },
    {
      "source": "/ballantyne/bathroom-remodeling/",
      "destination": "/remodeling/bathroom-remodeling/",
      "permanent": true
    },
    {
      "source": "/charlotte/bathroom-remodeling",
      "destination": "/remodeling/bathroom-remodeling/",
      "permanent": true
    },
    {
      "source": "/charlotte/bathroom-remodeling/",
      "destination": "/remodeling/bathroom-remodeling/",
      "permanent": true
    },
    {
      "source": "/concord/bathroom-remodeling",
      "destination": "/remodeling/bathroom-remodeling/",
      "permanent": true
    },
    {
      "source": "/concord/bathroom-remodeling/",
      "destination": "/remodeling/bathroom-remodeling/",
      "permanent": true
    },
    {
      "source": "/matthews/bathroom-remodeling",
      "destination": "/remodeling/bathroom-remodeling/",
      "permanent": true
    },
    {
      "source": "/matthews/bathroom-remodeling/",
      "destination": "/remodeling/bathroom-remodeling/",
      "permanent": true
    },
    {
      "source": "/mint-hill/bathroom-remodeling",
      "destination": "/remodeling/bathroom-remodeling/",
      "permanent": true
    },
    {
      "source": "/mint-hill/bathroom-remodeling/",
      "destination": "/remodeling/bathroom-remodeling/",
      "permanent": true
    },
    {
      "source": "/monroe/bathroom-remodeling",
      "destination": "/remodeling/bathroom-remodeling/",
      "permanent": true
    },
    {
      "source": "/monroe/bathroom-remodeling/",
      "destination": "/remodeling/bathroom-remodeling/",
      "permanent": true
    },
    {
      "source": "/pineville/bathroom-remodeling",
      "destination": "/remodeling/bathroom-remodeling/",
      "permanent": true
    },
    {
      "source": "/pineville/bathroom-remodeling/",
      "destination": "/remodeling/bathroom-remodeling/",
      "permanent": true
    },
    {
      "source": "/rock-hill/bathroom-remodeling",
      "destination": "/remodeling/bathroom-remodeling/",
      "permanent": true
    },
    {
      "source": "/rock-hill/bathroom-remodeling/",
      "destination": "/remodeling/bathroom-remodeling/",
      "permanent": true
    },
    {
      "source": "/waxhaw/bathroom-remodeling",
      "destination": "/remodeling/bathroom-remodeling/",
      "permanent": true
    },
    {
      "source": "/waxhaw/bathroom-remodeling/",
      "destination": "/remodeling/bathroom-remodeling/",
      "permanent": true
    },
    {
      "source": "/ballantyne/painting",
      "destination": "/repairs/painting/",
      "permanent": true
    },
    {
      "source": "/ballantyne/painting/",
      "destination": "/repairs/painting/",
      "permanent": true
    },
    {
      "source": "/charlotte/painting",
      "destination": "/repairs/painting/",
      "permanent": true
    },
    {
      "source": "/charlotte/painting/",
      "destination": "/repairs/painting/",
      "permanent": true
    },
    {
      "source": "/concord/painting",
      "destination": "/repairs/painting/",
      "permanent": true
    },
    {
      "source": "/concord/painting/",
      "destination": "/repairs/painting/",
      "permanent": true
    },
    {
      "source": "/matthews/painting",
      "destination": "/repairs/painting/",
      "permanent": true
    },
    {
      "source": "/matthews/painting/",
      "destination": "/repairs/painting/",
      "permanent": true
    },
    {
      "source": "/mint-hill/painting",
      "destination": "/repairs/painting/",
      "permanent": true
    },
    {
      "source": "/mint-hill/painting/",
      "destination": "/repairs/painting/",
      "permanent": true
    },
    {
      "source": "/monroe/painting",
      "destination": "/repairs/painting/",
      "permanent": true
    },
    {
      "source": "/monroe/painting/",
      "destination": "/repairs/painting/",
      "permanent": true
    },
    {
      "source": "/pineville/painting",
      "destination": "/repairs/painting/",
      "permanent": true
    },
    {
      "source": "/pineville/painting/",
      "destination": "/repairs/painting/",
      "permanent": true
    },
    {
      "source": "/rock-hill/painting",
      "destination": "/repairs/painting/",
      "permanent": true
    },
    {
      "source": "/rock-hill/painting/",
      "destination": "/repairs/painting/",
      "permanent": true
    },
    {
      "source": "/waxhaw/painting",
      "destination": "/repairs/painting/",
      "permanent": true
    },
    {
      "source": "/waxhaw/painting/",
      "destination": "/repairs/painting/",
      "permanent": true
    },
    {
      "source": "/ballantyne/drywall",
      "destination": "/repairs/drywall/",
      "permanent": true
    },
    {
      "source": "/ballantyne/drywall/",
      "destination": "/repairs/drywall/",
      "permanent": true
    },
    {
      "source": "/charlotte/drywall",
      "destination": "/repairs/drywall/",
      "permanent": true
    },
    {
      "source": "/charlotte/drywall/",
      "destination": "/repairs/drywall/",
      "permanent": true
    },
    {
      "source": "/concord/drywall",
      "destination": "/repairs/drywall/",
      "permanent": true
    },
    {
      "source": "/concord/drywall/",
      "destination": "/repairs/drywall/",
      "permanent": true
    },
    {
      "source": "/matthews/drywall",
      "destination": "/repairs/drywall/",
      "permanent": true
    },
    {
      "source": "/matthews/drywall/",
      "destination": "/repairs/drywall/",
      "permanent": true
    },
    {
      "source": "/mint-hill/drywall",
      "destination": "/repairs/drywall/",
      "permanent": true
    },
    {
      "source": "/mint-hill/drywall/",
      "destination": "/repairs/drywall/",
      "permanent": true
    },
    {
      "source": "/monroe/drywall",
      "destination": "/repairs/drywall/",
      "permanent": true
    },
    {
      "source": "/monroe/drywall/",
      "destination": "/repairs/drywall/",
      "permanent": true
    },
    {
      "source": "/pineville/drywall",
      "destination": "/repairs/drywall/",
      "permanent": true
    },
    {
      "source": "/pineville/drywall/",
      "destination": "/repairs/drywall/",
      "permanent": true
    },
    {
      "source": "/rock-hill/drywall",
      "destination": "/repairs/drywall/",
      "permanent": true
    },
    {
      "source": "/rock-hill/drywall/",
      "destination": "/repairs/drywall/",
      "permanent": true
    },
    {
      "source": "/waxhaw/drywall",
      "destination": "/repairs/drywall/",
      "permanent": true
    },
    {
      "source": "/waxhaw/drywall/",
      "destination": "/repairs/drywall/",
      "permanent": true
    }
  ]
}
